Area_sqft,Bedrooms,Age_years,Distance_to_City_km,Price_Lakhs
1460.0,5.0,27.0,,62.54
1894.0,,17.0,16.7,48.11
1730.0,4.0,20.0,16.2,57.36
1695.0,1.0,16.0,13.0,67.52
2238.0,1.0,6.0,5.1,85.29
2769.0,5.0,16.0,10.8,124.07
1066.0,4.0,19.0,12.3,37.83
1838.0,4.0,8.0,11.0,107.75
930.0,4.0,16.0,5.9,53.92
2082.0,3.0,19.0,10.8,94.25
2735.0,5.0,21.0,10.3,130.48
730.0,4.0,21.0,19.9,15.35
2285.0,3.0,27.0,18.1,85.56
1369.0,,30.0,9.8,27.39
2991.0,2.0,28.0,12.8,102.07
,3.0,7.0,15.2,98.2
1815.0,3.0,16.0,1.7,76.98
1555.0,5.0,6.0,18.0,77.06
2924.0,5.0,0.0,17.3,144.67
1784.0,2.0,12.0,9.7,68.81
1059.0,4.0,29.0,,26.77
621.0,2.0,22.0,6.2,11.87
2900.0,4.0,18.0,,125.38
1347.0,4.0,26.0,1.8,66.95
1074.0,5.0,23.0,17.2,45.17
1682.0,1.0,,1.7,69.27
,1.0,29.0,7.3,88.75
1575.0,3.0,29.0,18.7,50.42
2406.0,5.0,28.0,15.0,90.42
789.0,4.0,16.0,,28.57
1162.0,1.0,,5.8,24.05
2499.0,,28.0,1.1,112.74
,1.0,29.0,,44.75
2128.0,1.0,15.0,1.9,94.79
1246.0,,7.0,,38.96
2668.0,5.0,18.0,19.3,119.69
2814.0,2.0,17.0,3.1,129.82
1897.0,4.0,0.0,18.0,86.27
1200.0,5.0,13.0,19.8,57.22
,5.0,18.0,2.2,159.31
2661.0,5.0,14.0,,112.28
841.0,5.0,17.0,10.8,46.48
2641.0,5.0,1.0,18.2,125.75
1963.0,3.0,,11.9,68.86
2739.0,4.0,27.0,13.6,101.04
1990.0,5.0,16.0,11.3,88.66
2078.0,4.0,17.0,,87.51
1375.0,3.0,29.0,14.9,28.91
634.0,3.0,5.0,10.9,28.04
2853.0,4.0,18.0,17.5,127.49
2555.0,1.0,30.0,5.7,94.73
2185.0,2.0,3.0,4.0,100.88
1621.0,1.0,0.0,4.0,88.66
1729.0,1.0,7.0,7.3,85.59
,1.0,28.0,5.5,72.71
1302.0,5.0,22.0,18.7,33.8
2179.0,3.0,6.0,3.0,117.75
,1.0,2.0,14.3,4.13
801.0,3.0,9.0,4.6,56.13
2581.0,4.0,,17.8,124.25
1595.0,2.0,18.0,19.3,62.41
2917.0,4.0,13.0,9.8,139.19
1415.0,4.0,1.0,17.7,66.74
1055.0,5.0,27.0,1.1,55.95
1875.0,2.0,0.0,16.6,74.08
1616.0,4.0,22.0,5.3,84.61
2943.0,4.0,22.0,,126.57
937.0,2.0,27.0,1.0,34.33
1478.0,2.0,17.0,11.6,47.21
1676.0,4.0,6.0,15.4,101.17
1391.0,2.0,28.0,5.9,54.41
2864.0,,,4.7,132.86
1363.0,,0.0,2.6,82.08
,5.0,24.0,7.2,142.19
979.0,1.0,22.0,11.6,13.14
1092.0,4.0,2.0,3.2,74.51
1780.0,3.0,23.0,8.2,80.47
2662.0,1.0,22.0,1.2,80.64
,1.0,26.0,16.6,-4.7
1967.0,1.0,30.0,3.4,66.88
1752.0,5.0,28.0,6.4,80.46
2627.0,4.0,7.0,1.4,141.35
,5.0,21.0,9.2,106.7
1762.0,4.0,24.0,17.0,68.83
2122.0,,14.0,,106.1
991.0,5.0,4.0,4.4,76.18
2298.0,3.0,2.0,15.3,104.84
1018.0,5.0,18.0,16.0,45.36
2936.0,2.0,0.0,4.3,130.46
978.0,3.0,,15.6,12.19
2396.0,5.0,14.0,19.0,98.17
2878.0,1.0,7.0,4.2,128.1
2688.0,2.0,1.0,15.6,114.81
2782.0,2.0,2.0,14.5,108.35
,2.0,23.0,10.0,24.77
2463.0,3.0,13.0,2.1,129.91
1379.0,5.0,23.0,,70.99
1102.0,5.0,13.0,17.2,39.62
2351.0,1.0,10.0,19.8,75.36
1404.0,1.0,15.0,13.8,48.46
2746.0,2.0,,9.5,128.16
2495.0,1.0,19.0,13.3,80.74
2170.0,3.0,4.0,12.3,112.86
1560.0,5.0,21.0,8.3,89.23
2085.0,2.0,,2.2,83.32
1628.0,1.0,13.0,16.6,43.99
1102.0,3.0,30.0,8.1,32.13
997.0,3.0,22.0,16.6,24.29
1470.0,1.0,15.0,,61.79
992.0,,17.0,1.0,68.24
806.0,1.0,6.0,4.0,40.69
,2.0,9.0,9.9,74.02
2481.0,1.0,6.0,18.9,104.88
2084.0,3.0,0.0,2.9,102.82
1463.0,1.0,22.0,,37.64
1163.0,5.0,20.0,11.0,40.74
1620.0,4.0,18.0,16.7,55.92
695.0,1.0,15.0,6.7,17.64
,5.0,28.0,17.0,109.08
2357.0,5.0,18.0,15.7,107.01
2878.0,3.0,3.0,,137.09
2278.0,5.0,28.0,3.5,107.79
1140.0,5.0,27.0,17.5,54.66
1659.0,5.0,17.0,19.3,69.82
1783.0,5.0,1.0,1.6,126.51
2322.0,2.0,0.0,14.9,106.96
2419.0,2.0,14.0,18.3,93.36
2197.0,3.0,4.0,17.3,86.36
1395.0,1.0,19.0,19.3,38.9
1651.0,,10.0,15.4,78.86
2243.0,1.0,9.0,9.4,79.9
1963.0,1.0,30.0,6.9,67.16
2581.0,3.0,1.0,7.1,116.72
1954.0,5.0,2.0,14.8,97.47
2263.0,5.0,22.0,,100.91
2129.0,4.0,22.0,4.8,118.19
,1.0,11.0,17.5,90.41
,1.0,19.0,14.6,64.93
2837.0,2.0,4.0,11.7,130.28
2008.0,4.0,4.0,10.0,93.25
2000.0,2.0,5.0,11.3,89.98
1906.0,2.0,29.0,4.0,81.42
1572.0,2.0,,4.9,70.0
,,1.0,2.7,131.73
1882.0,3.0,20.0,3.9,87.34
1309.0,2.0,,9.6,46.74
2079.0,4.0,2.0,11.1,105.05
2034.0,1.0,19.0,1.3,78.73
1248.0,4.0,25.0,16.1,44.14
917.0,,21.0,6.6,52.77
1857.0,3.0,11.0,18.3,78.51
1283.0,1.0,23.0,19.4,27.12
1263.0,1.0,16.0,4.5,26.18
2598.0,5.0,9.0,,132.17
2231.0,5.0,29.0,1.0,98.92
2095.0,2.0,,12.4,72.79
1736.0,3.0,26.0,12.5,62.33
2453.0,,,5.7,121.95
2120.0,4.0,22.0,11.6,91.64
1163.0,2.0,,5.3,49.25
1891.0,2.0,17.0,4.1,86.92
2236.0,2.0,18.0,,93.96
1298.0,2.0,16.0,7.2,49.99
2760.0,,13.0,,120.91
601.0,3.0,8.0,9.2,30.69
1241.0,2.0,7.0,19.7,36.26
2867.0,,1.0,3.8,145.5
2189.0,1.0,12.0,9.8,65.97
1454.0,1.0,24.0,13.9,27.94
2359.0,4.0,6.0,8.5,104.93
2261.0,2.0,8.0,19.5,95.99
1753.0,3.0,21.0,14.7,66.95
1676.0,1.0,,13.5,48.41
2307.0,5.0,10.0,15.4,106.6
2295.0,5.0,13.0,19.1,105.19
2333.0,4.0,3.0,18.2,101.96
2039.0,2.0,25.0,14.8,69.39
,1.0,25.0,15.2,100.96
1435.0,2.0,28.0,3.8,44.72
,1.0,12.0,3.0,22.85
,4.0,1.0,11.8,53.23
1000.0,4.0,22.0,1.3,53.42
1366.0,5.0,4.0,10.2,74.78
893.0,2.0,,5.0,37.22
2927.0,5.0,5.0,7.6,145.51
797.0,2.0,17.0,15.7,16.89
2530.0,5.0,20.0,18.9,116.82
2791.0,3.0,9.0,2.4,136.29
1208.0,3.0,3.0,11.2,78.43
1747.0,3.0,,17.8,75.23
786.0,3.0,5.0,2.6,51.09
2394.0,1.0,1.0,16.7,86.62
1259.0,3.0,16.0,7.8,53.59
2555.0,4.0,4.0,7.1,125.02
1969.0,4.0,24.0,19.6,56.56
2586.0,1.0,5.0,4.8,121.4
2134.0,3.0,25.0,14.2,75.9
,3.0,11.0,,19.77
2334.0,3.0,22.0,1.8,107.95
2443.0,,20.0,13.7,116.59
1088.0,2.0,9.0,19.1,30.27
2559.0,5.0,21.0,3.4,129.25
,2.0,20.0,18.0,84.2
2985.0,3.0,26.0,12.3,116.88
,3.0,,12.7,44.78
2402.0,5.0,30.0,12.6,90.7
2569.0,,5.0,6.7,128.63
2798.0,2.0,26.0,18.8,101.39
2038.0,4.0,,19.0,80.96
2234.0,2.0,1.0,12.9,100.12
,5.0,,15.9,44.73
,,12.0,,114.78
2791.0,1.0,24.0,10.2,94.53
2993.0,5.0,20.0,13.6,144.64
1223.0,1.0,6.0,11.5,57.27
1616.0,4.0,9.0,,81.04
,2.0,12.0,15.9,54.5
2649.0,2.0,16.0,10.1,102.83
1927.0,1.0,25.0,1.8,61.99
2901.0,2.0,20.0,4.1,123.31
1052.0,5.0,27.0,9.3,41.79
1783.0,3.0,29.0,14.8,46.09
2656.0,1.0,25.0,12.3,98.19
2282.0,2.0,13.0,13.4,97.03
2855.0,1.0,1.0,10.1,115.68
1754.0,1.0,,12.7,51.04
1003.0,3.0,21.0,7.3,48.59
,5.0,,9.9,142.72
2701.0,1.0,0.0,,100.88
2296.0,2.0,18.0,17.6,79.94
,4.0,20.0,,66.79
1186.0,1.0,3.0,1.8,57.79
2248.0,1.0,18.0,4.1,93.15
2043.0,3.0,25.0,1.4,93.99
2045.0,5.0,28.0,13.4,81.7
703.0,4.0,,7.3,29.91
853.0,2.0,10.0,11.3,33.54
2096.0,,7.0,10.4,110.77
698.0,2.0,10.0,2.5,43.21
2800.0,,3.0,8.7,141.3
2484.0,2.0,16.0,5.2,110.2
2519.0,3.0,26.0,8.9,112.37
1477.0,,6.0,4.9,68.89
937.0,3.0,7.0,17.0,49.06
1556.0,,2.0,4.3,97.37
2304.0,4.0,,19.3,112.72
760.0,5.0,1.0,8.9,59.57
,2.0,22.0,17.1,76.91
,2.0,14.0,12.9,38.8
1900.0,3.0,23.0,15.0,76.48
1415.0,,21.0,,58.17
2127.0,1.0,21.0,10.6,79.47
2519.0,5.0,4.0,11.3,130.75
,4.0,23.0,10.8,97.09
1758.0,2.0,0.0,12.2,69.9
1818.0,1.0,25.0,1.6,66.94
1000.0,1.0,3.0,8.5,51.91
1239.0,2.0,14.0,12.5,33.55
1059.0,4.0,19.0,12.4,40.16
1554.0,1.0,18.0,16.1,48.58
1069.0,,2.0,13.4,40.58
1645.0,5.0,19.0,19.9,62.94
2293.0,4.0,10.0,,112.18
2685.0,1.0,16.0,7.8,96.22
2877.0,,29.0,8.3,132.15
1162.0,2.0,26.0,9.9,31.56
2399.0,3.0,12.0,16.9,113.41
2674.0,1.0,,5.5,113.38
825.0,5.0,1.0,15.7,50.73
,2.0,8.0,8.7,57.49
,4.0,25.0,12.4,123.06
1559.0,2.0,1.0,,68.64
2104.0,1.0,20.0,8.1,96.06
1052.0,4.0,8.0,10.7,53.39
1415.0,,8.0,8.8,65.26
1258.0,,7.0,2.3,62.77
1146.0,1.0,16.0,9.3,43.33
1815.0,5.0,0.0,2.9,101.83
616.0,4.0,24.0,8.7,29.72
1843.0,2.0,28.0,12.3,53.24
2805.0,2.0,10.0,12.0,122.25
1669.0,3.0,,13.6,70.23
2746.0,3.0,9.0,2.8,115.58
2368.0,5.0,24.0,13.4,109.24
1660.0,5.0,6.0,6.9,99.51
2927.0,,2.0,8.6,122.16
,1.0,2.0,17.3,20.08
780.0,5.0,17.0,,44.57
,5.0,4.0,,77.61
1299.0,4.0,11.0,,69.83
1592.0,3.0,11.0,8.5,66.61
1739.0,1.0,18.0,5.5,59.94
790.0,3.0,29.0,5.5,26.24
2900.0,3.0,5.0,17.8,144.31
1580.0,5.0,1.0,9.4,98.38
2606.0,4.0,11.0,7.3,120.16
1784.0,2.0,18.0,9.5,70.91
727.0,4.0,4.0,13.7,30.06
2665.0,4.0,11.0,3.8,140.31
2416.0,3.0,26.0,9.5,110.92
2358.0,4.0,26.0,12.2,112.11
1169.0,1.0,16.0,19.0,29.88
1946.0,3.0,28.0,5.8,74.54
2495.0,1.0,16.0,7.8,86.71
1225.0,2.0,9.0,,40.88
2286.0,3.0,,12.5,67.22
754.0,2.0,22.0,7.8,26.52
2009.0,,16.0,11.1,84.46
1384.0,5.0,14.0,15.9,74.27
845.0,4.0,11.0,14.4,51.37
2100.0,5.0,29.0,9.5,95.7
2305.0,2.0,,17.4,86.01
1137.0,4.0,23.0,11.6,43.13
2490.0,3.0,18.0,11.3,102.32
,4.0,7.0,1.6,136.15
1520.0,1.0,30.0,19.7,26.36
1124.0,4.0,,3.3,56.07
2129.0,1.0,16.0,5.4,83.38
635.0,,22.0,,43.67
1284.0,1.0,4.0,13.2,40.2
,2.0,21.0,5.3,18.16
2968.0,5.0,15.0,4.4,153.24
999.0,3.0,5.0,2.7,68.0
1571.0,4.0,7.0,3.0,87.58
2506.0,5.0,24.0,12.1,108.31
1766.0,3.0,17.0,14.1,66.08
,3.0,24.0,8.6,77.08
1433.0,,11.0,10.1,66.83
,2.0,14.0,14.0,84.52
2582.0,2.0,26.0,,99.07
1453.0,5.0,25.0,7.1,70.51
650.0,2.0,8.0,19.5,14.34
1174.0,4.0,12.0,12.0,63.13
1748.0,2.0,25.0,5.8,58.57
2797.0,5.0,14.0,10.9,128.08
,2.0,9.0,7.5,132.15
2952.0,4.0,15.0,11.1,133.45
2315.0,1.0,6.0,3.4,109.71
1281.0,,16.0,3.5,79.54
1437.0,1.0,22.0,3.7,54.07
1677.0,1.0,25.0,18.9,38.95
2911.0,1.0,20.0,,122.96
2195.0,3.0,21.0,4.1,91.35
604.0,3.0,25.0,4.6,27.55
1726.0,1.0,6.0,14.9,51.83
1819.0,,13.0,4.0,93.07
1373.0,4.0,14.0,5.5,67.13
1476.0,4.0,20.0,19.3,68.29
,2.0,,,75.83
646.0,,,13.6,36.63
868.0,3.0,18.0,19.6,25.14
969.0,1.0,15.0,8.1,29.17
1235.0,2.0,7.0,1.3,58.48
1729.0,4.0,17.0,5.6,74.31
2293.0,3.0,,16.8,94.73
2282.0,3.0,22.0,17.4,86.89
1256.0,1.0,28.0,15.6,39.79
719.0,4.0,17.0,3.1,50.56
,5.0,30.0,16.1,60.44
2410.0,3.0,,18.5,80.57
1681.0,1.0,19.0,12.4,43.8
2574.0,5.0,6.0,18.9,121.61
1969.0,4.0,2.0,16.7,85.97
1340.0,3.0,17.0,13.7,56.46
716.0,5.0,26.0,,45.08
2453.0,5.0,,7.6,126.98
1750.0,5.0,6.0,4.0,111.71
2531.0,3.0,16.0,12.5,101.58
1612.0,3.0,13.0,7.0,72.32
2264.0,2.0,30.0,,64.36
1681.0,4.0,23.0,19.9,44.3
1233.0,1.0,2.0,15.3,42.23
1112.0,5.0,11.0,2.7,74.03
1719.0,2.0,27.0,6.5,70.48
1741.0,1.0,12.0,3.1,78.39
1159.0,2.0,1.0,13.4,55.75
1087.0,3.0,2.0,15.5,41.92
1496.0,5.0,4.0,18.6,80.48
1812.0,,10.0,,82.04
1303.0,1.0,7.0,18.1,41.35
2070.0,,,17.7,73.54
1180.0,1.0,22.0,7.0,50.25
2894.0,1.0,22.0,17.5,96.48
753.0,2.0,11.0,8.1,23.79
2279.0,5.0,6.0,6.6,118.74
,3.0,,13.3,53.53
1843.0,3.0,23.0,7.2,72.75
1692.0,,16.0,13.0,78.4
1608.0,3.0,3.0,12.6,58.21
,2.0,28.0,11.7,92.61
2373.0,4.0,21.0,8.2,107.13
1557.0,5.0,24.0,11.4,65.17
1052.0,1.0,,12.3,25.76
1827.0,4.0,17.0,11.4,78.84
2865.0,3.0,0.0,9.4,136.58
2988.0,4.0,,1.3,143.06
1150.0,,12.0,12.2,56.02
2235.0,,9.0,4.2,102.81
1912.0,1.0,11.0,13.2,76.8
2357.0,5.0,29.0,15.4,88.34
956.0,5.0,1.0,10.5,42.54
2670.0,3.0,22.0,11.3,118.5
2385.0,,2.0,19.1,79.97
2381.0,4.0,,17.1,109.13
2231.0,2.0,1.0,18.4,78.99
1615.0,2.0,29.0,16.5,54.06
1948.0,,26.0,3.1,118.49
1115.0,3.0,22.0,3.8,50.48
,2.0,12.0,11.0,32.52
2382.0,1.0,12.0,,95.17
2905.0,5.0,17.0,,146.26
1096.0,4.0,2.0,8.5,70.06
1495.0,5.0,26.0,11.4,75.82
,4.0,6.0,15.2,126.25
,5.0,13.0,,75.1
2287.0,,,10.9,105.3
2531.0,5.0,28.0,,98.11
2168.0,4.0,29.0,,90.99
1556.0,4.0,16.0,18.0,56.24
2236.0,5.0,28.0,2.4,119.73
1891.0,2.0,29.0,19.1,46.08
2040.0,3.0,20.0,13.4,83.63
1791.0,3.0,11.0,8.2,78.13
1666.0,3.0,24.0,4.7,73.35
884.0,4.0,15.0,10.1,39.47
611.0,4.0,23.0,4.7,21.4
2230.0,2.0,11.0,4.2,104.38
1353.0,3.0,14.0,12.7,53.56
2682.0,,24.0,10.9,111.7
689.0,5.0,9.0,13.7,38.93
1375.0,4.0,29.0,18.7,33.61
2225.0,3.0,24.0,11.1,97.27
1017.0,2.0,30.0,12.0,27.26
714.0,2.0,6.0,2.7,33.55
1216.0,3.0,19.0,14.6,43.56
1425.0,4.0,4.0,8.6,86.94
,2.0,,,88.03
2116.0,5.0,29.0,16.6,84.68
1012.0,2.0,16.0,10.9,35.61
1328.0,1.0,2.0,3.3,57.53
1275.0,1.0,,17.3,40.87
,4.0,13.0,16.2,108.95
2839.0,3.0,23.0,4.5,118.68
1722.0,4.0,29.0,6.6,79.24
2171.0,4.0,17.0,,83.64
1577.0,4.0,,4.5,107.28
1608.0,4.0,17.0,18.4,77.34
2743.0,5.0,29.0,9.1,128.42
2287.0,,4.0,2.7,134.91
636.0,2.0,24.0,16.5,6.68
2148.0,1.0,,8.1,78.03
2926.0,4.0,0.0,11.0,148.85
2864.0,,20.0,3.1,115.77
1472.0,1.0,,1.0,65.67
2421.0,3.0,14.0,13.1,109.97
1896.0,5.0,8.0,10.8,97.94
2709.0,1.0,14.0,,98.18
1195.0,3.0,16.0,16.1,32.96
,1.0,,,96.14
1328.0,,23.0,4.3,67.07
1965.0,5.0,3.0,7.9,109.96
996.0,2.0,11.0,18.2,30.58
1298.0,4.0,26.0,15.6,49.15
2824.0,1.0,25.0,11.6,106.13
2235.0,1.0,4.0,5.9,94.26
995.0,3.0,28.0,6.7,26.23
675.0,,4.0,14.9,33.79
864.0,1.0,10.0,17.2,12.61
2419.0,5.0,27.0,13.8,98.08
1317.0,1.0,5.0,16.4,40.16
1450.0,2.0,6.0,15.6,66.19
1990.0,4.0,,3.8,91.57
743.0,1.0,,,2.49
1484.0,5.0,13.0,,86.57
995.0,2.0,23.0,5.5,30.53
2092.0,1.0,10.0,17.5,71.6
1767.0,3.0,29.0,10.0,69.64
1662.0,,12.0,11.2,86.83
2756.0,1.0,1.0,4.4,132.97
1665.0,2.0,24.0,6.9,77.9
1809.0,,6.0,,95.68
1233.0,2.0,19.0,4.9,66.28
1756.0,2.0,3.0,13.1,68.69
1838.0,3.0,,5.9,92.56
,2.0,,13.0,49.7
834.0,3.0,19.0,2.1,38.55
1350.0,1.0,28.0,3.7,39.95
1553.0,3.0,30.0,6.2,57.7
2142.0,3.0,21.0,12.3,86.52
1797.0,,20.0,13.8,71.66
,3.0,,9.4,104.38
1791.0,3.0,12.0,9.5,76.17
2817.0,1.0,13.0,14.8,110.85
2016.0,4.0,9.0,1.3,122.18
1817.0,5.0,10.0,7.5,96.91
2140.0,1.0,1.0,16.6,88.94
2676.0,1.0,24.0,12.5,97.69
2045.0,5.0,25.0,,116.17
2986.0,3.0,8.0,18.2,123.09
2119.0,,16.0,15.7,84.08
